[
{
    "model": "admin.logentry",
    "pk": 1,
    "fields": {
        "action_time": "2024-08-03T03:50:27.643Z",
        "user": 1,
        "content_type": 4,
        "object_id": "2",
        "object_repr": "student01",
        "action_flag": 1,
        "change_message": "[{\"added\": {}}]"
    }
},
{
    "model": "admin.logentry",
    "pk": 2,
    "fields": {
        "action_time": "2024-08-03T03:50:47.205Z",
        "user": 1,
        "content_type": 4,
        "object_id": "3",
        "object_repr": "student02",
        "action_flag": 1,
        "change_message": "[{\"added\": {}}]"
    }
},
{
    "model": "admin.logentry",
    "pk": 3,
    "fields": {
        "action_time": "2024-08-03T03:51:00.985Z",
        "user": 1,
        "content_type": 13,
        "object_id": "1",
        "object_repr": "CPE-101",
        "action_flag": 1,
        "change_message": "[{\"added\": {}}]"
    }
},
{
    "model": "admin.logentry",
    "pk": 4,
    "fields": {
        "action_time": "2024-08-03T03:51:09.255Z",
        "user": 1,
        "content_type": 13,
        "object_id": "2",
        "object_repr": "CPE-102",
        "action_flag": 1,
        "change_message": "[{\"added\": {}}]"
    }
},
{
    "model": "admin.logentry",
    "pk": 5,
    "fields": {
        "action_time": "2024-08-03T03:51:25.488Z",
        "user": 1,
        "content_type": 14,
        "object_id": "1",
        "object_repr": "College of Criminal Justice Education and Forensic",
        "action_flag": 1,
        "change_message": "[{\"added\": {}}]"
    }
},
{
    "model": "admin.logentry",
    "pk": 6,
    "fields": {
        "action_time": "2024-08-03T03:51:29.711Z",
        "user": 1,
        "content_type": 14,
        "object_id": "2",
        "object_repr": "School of Arts and Sciences",
        "action_flag": 1,
        "change_message": "[{\"added\": {}}]"
    }
},
{
    "model": "admin.logentry",
    "pk": 7,
    "fields": {
        "action_time": "2024-08-03T03:51:39.609Z",
        "user": 1,
        "content_type": 14,
        "object_id": "3",
        "object_repr": "School of Business and Accountancy",
        "action_flag": 1,
        "change_message": "[{\"added\": {}}]"
    }
},
{
    "model": "admin.logentry",
    "pk": 8,
    "fields": {
        "action_time": "2024-08-03T03:51:45.707Z",
        "user": 1,
        "content_type": 14,
        "object_id": "4",
        "object_repr": "School of Computing",
        "action_flag": 1,
        "change_message": "[{\"added\": {}}]"
    }
},
{
    "model": "admin.logentry",
    "pk": 9,
    "fields": {
        "action_time": "2024-08-03T03:51:52.013Z",
        "user": 1,
        "content_type": 14,
        "object_id": "5",
        "object_repr": "School of Education",
        "action_flag": 1,
        "change_message": "[{\"added\": {}}]"
    }
},
{
    "model": "admin.logentry",
    "pk": 10,
    "fields": {
        "action_time": "2024-08-03T03:52:00.327Z",
        "user": 1,
        "content_type": 14,
        "object_id": "6",
        "object_repr": "School of Engineering and Architecture",
        "action_flag": 1,
        "change_message": "[{\"added\": {}}]"
    }
},
{
    "model": "admin.logentry",
    "pk": 11,
    "fields": {
        "action_time": "2024-08-03T03:52:09.636Z",
        "user": 1,
        "content_type": 14,
        "object_id": "7",
        "object_repr": "School of Hospitality and Tourism Management",
        "action_flag": 1,
        "change_message": "[{\"added\": {}}]"
    }
},
{
    "model": "admin.logentry",
    "pk": 12,
    "fields": {
        "action_time": "2024-08-03T03:52:18.551Z",
        "user": 1,
        "content_type": 14,
        "object_id": "8",
        "object_repr": "School of Nursing and Allied Medical Sciences",
        "action_flag": 1,
        "change_message": "[{\"added\": {}}]"
    }
},
{
    "model": "admin.logentry",
    "pk": 13,
    "fields": {
        "action_time": "2024-08-03T03:52:38.585Z",
        "user": 1,
        "content_type": 15,
        "object_id": "1",
        "object_repr": "1st 2024-2025",
        "action_flag": 1,
        "change_message": "[{\"added\": {}}]"
    }
},
{
    "model": "admin.logentry",
    "pk": 14,
    "fields": {
        "action_time": "2024-08-03T03:52:49.673Z",
        "user": 1,
        "content_type": 15,
        "object_id": "2",
        "object_repr": "2nd 2024-2025",
        "action_flag": 1,
        "change_message": "[{\"added\": {}}]"
    }
},
{
    "model": "admin.logentry",
    "pk": 15,
    "fields": {
        "action_time": "2024-08-03T03:52:59.802Z",
        "user": 1,
        "content_type": 15,
        "object_id": "3",
        "object_repr": "3rd 2024-2025",
        "action_flag": 1,
        "change_message": "[{\"added\": {}}]"
    }
},
{
    "model": "admin.logentry",
    "pk": 16,
    "fields": {
        "action_time": "2024-08-03T03:53:29.409Z",
        "user": 1,
        "content_type": 4,
        "object_id": "4",
        "object_repr": "professor01",
        "action_flag": 1,
        "change_message": "[{\"added\": {}}]"
    }
},
{
    "model": "admin.logentry",
    "pk": 17,
    "fields": {
        "action_time": "2024-08-03T03:53:32.032Z",
        "user": 1,
        "content_type": 4,
        "object_id": "4",
        "object_repr": "professor01",
        "action_flag": 2,
        "change_message": "[]"
    }
},
{
    "model": "admin.logentry",
    "pk": 18,
    "fields": {
        "action_time": "2024-08-03T03:53:47.169Z",
        "user": 1,
        "content_type": 4,
        "object_id": "5",
        "object_repr": "professor02",
        "action_flag": 1,
        "change_message": "[{\"added\": {}}]"
    }
},
{
    "model": "admin.logentry",
    "pk": 19,
    "fields": {
        "action_time": "2024-08-03T03:57:43.114Z",
        "user": 1,
        "content_type": 16,
        "object_id": "1",
        "object_repr": "professor01",
        "action_flag": 1,
        "change_message": "[{\"added\": {}}]"
    }
},
{
    "model": "admin.logentry",
    "pk": 20,
    "fields": {
        "action_time": "2024-08-03T03:58:42.910Z",
        "user": 1,
        "content_type": 16,
        "object_id": "2",
        "object_repr": "professor02",
        "action_flag": 1,
        "change_message": "[{\"added\": {}}]"
    }
},
{
    "model": "admin.logentry",
    "pk": 21,
    "fields": {
        "action_time": "2024-08-03T03:59:28.566Z",
        "user": 1,
        "content_type": 16,
        "object_id": "3",
        "object_repr": "student01",
        "action_flag": 1,
        "change_message": "[{\"added\": {}}]"
    }
},
{
    "model": "admin.logentry",
    "pk": 22,
    "fields": {
        "action_time": "2024-08-03T04:01:05.624Z",
        "user": 1,
        "content_type": 16,
        "object_id": "4",
        "object_repr": "student02",
        "action_flag": 1,
        "change_message": "[{\"added\": {}}]"
    }
},
{
    "model": "admin.logentry",
    "pk": 23,
    "fields": {
        "action_time": "2024-08-03T04:01:38.268Z",
        "user": 1,
        "content_type": 10,
        "object_id": "1",
        "object_repr": "professor01 - School of Engineering and Architecture",
        "action_flag": 1,
        "change_message": "[{\"added\": {}}]"
    }
},
{
    "model": "admin.logentry",
    "pk": 24,
    "fields": {
        "action_time": "2024-08-03T04:01:52.511Z",
        "user": 1,
        "content_type": 10,
        "object_id": "2",
        "object_repr": "professor02 - School of Engineering and Architecture",
        "action_flag": 1,
        "change_message": "[{\"added\": {}}]"
    }
},
{
    "model": "admin.logentry",
    "pk": 25,
    "fields": {
        "action_time": "2024-08-03T04:02:30.277Z",
        "user": 1,
        "content_type": 11,
        "object_id": "1",
        "object_repr": "student01 - School of Engineering and Architecture",
        "action_flag": 1,
        "change_message": "[{\"added\": {}}]"
    }
},
{
    "model": "admin.logentry",
    "pk": 26,
    "fields": {
        "action_time": "2024-08-03T04:02:49.533Z",
        "user": 1,
        "content_type": 11,
        "object_id": "2",
        "object_repr": "student02 - School of Engineering and Architecture",
        "action_flag": 1,
        "change_message": "[{\"added\": {}}]"
    }
},
{
    "model": "admin.logentry",
    "pk": 27,
    "fields": {
        "action_time": "2024-08-03T04:20:27.644Z",
        "user": 1,
        "content_type": 7,
        "object_id": "1",
        "object_repr": "Katherine | 4711:CALC01 - Calculus 01",
        "action_flag": 1,
        "change_message": "[{\"added\": {}}]"
    }
},
{
    "model": "admin.logentry",
    "pk": 28,
    "fields": {
        "action_time": "2024-08-03T04:20:47.940Z",
        "user": 1,
        "content_type": 7,
        "object_id": "1",
        "object_repr": "Katherine | 4712:PHYSICS01 - Physics 01",
        "action_flag": 2,
        "change_message": "[{\"changed\": {\"fields\": [\"Title\", \"Code\", \"Codename\"]}}]"
    }
},
{
    "model": "admin.logentry",
    "pk": 29,
    "fields": {
        "action_time": "2024-08-03T04:21:06.299Z",
        "user": 1,
        "content_type": 7,
        "object_id": "1",
        "object_repr": "Schubert | 4713:PHYSICS01 - Calculus 02",
        "action_flag": 2,
        "change_message": "[{\"changed\": {\"fields\": [\"Professor\", \"Title\", \"Code\"]}}]"
    }
},
{
    "model": "admin.logentry",
    "pk": 30,
    "fields": {
        "action_time": "2024-08-03T04:21:27.133Z",
        "user": 1,
        "content_type": 7,
        "object_id": "1",
        "object_repr": "Schubert | 4714:PHYSICS02 - Physics 02",
        "action_flag": 2,
        "change_message": "[{\"changed\": {\"fields\": [\"Title\", \"Code\", \"Codename\"]}}]"
    }
},
{
    "model": "admin.logentry",
    "pk": 31,
    "fields": {
        "action_time": "2024-08-03T04:21:53.977Z",
        "user": 1,
        "content_type": 7,
        "object_id": "1",
        "object_repr": "Katherine | 4711:CALC01 - Calculus 01",
        "action_flag": 2,
        "change_message": "[{\"changed\": {\"fields\": [\"Professor\", \"Title\", \"Code\", \"Codename\"]}}]"
    }
},
{
    "model": "admin.logentry",
    "pk": 32,
    "fields": {
        "action_time": "2024-08-03T04:22:15.928Z",
        "user": 1,
        "content_type": 7,
        "object_id": "2",
        "object_repr": "Katherine | 4712:PHYSICS01 - Physics 01",
        "action_flag": 1,
        "change_message": "[{\"added\": {}}]"
    }
},
{
    "model": "admin.logentry",
    "pk": 33,
    "fields": {
        "action_time": "2024-08-03T04:22:40.730Z",
        "user": 1,
        "content_type": 7,
        "object_id": "3",
        "object_repr": "Schubert | 4713:CALC02 - Calculus 02",
        "action_flag": 1,
        "change_message": "[{\"added\": {}}]"
    }
},
{
    "model": "admin.logentry",
    "pk": 34,
    "fields": {
        "action_time": "2024-08-03T04:23:17.267Z",
        "user": 1,
        "content_type": 7,
        "object_id": "4",
        "object_repr": "Schubert | 4714:PHYSICS02 - Physics 02",
        "action_flag": 1,
        "change_message": "[{\"added\": {}}]"
    }
},
{
    "model": "admin.logentry",
    "pk": 35,
    "fields": {
        "action_time": "2024-08-03T04:25:56.489Z",
        "user": 1,
        "content_type": 12,
        "object_id": "1",
        "object_repr": "Enrollment object (1)",
        "action_flag": 1,
        "change_message": "[{\"added\": {}}]"
    }
},
{
    "model": "admin.logentry",
    "pk": 36,
    "fields": {
        "action_time": "2024-08-03T04:26:21.114Z",
        "user": 1,
        "content_type": 12,
        "object_id": "2",
        "object_repr": "Enrollment object (2)",
        "action_flag": 1,
        "change_message": "[{\"added\": {}}]"
    }
},
{
    "model": "admin.logentry",
    "pk": 37,
    "fields": {
        "action_time": "2024-08-03T04:27:10.703Z",
        "user": 1,
        "content_type": 12,
        "object_id": "3",
        "object_repr": "Enrollment object (3)",
        "action_flag": 1,
        "change_message": "[{\"added\": {}}]"
    }
},
{
    "model": "admin.logentry",
    "pk": 38,
    "fields": {
        "action_time": "2024-08-03T04:27:32.284Z",
        "user": 1,
        "content_type": 12,
        "object_id": "4",
        "object_repr": "Enrollment object (4)",
        "action_flag": 1,
        "change_message": "[{\"added\": {}}]"
    }
},
{
    "model": "admin.logentry",
    "pk": 39,
    "fields": {
        "action_time": "2024-08-03T06:37:07.241Z",
        "user": 1,
        "content_type": 7,
        "object_id": "1",
        "object_repr": "Katherine | 4711:CALC01 - Calculus 01",
        "action_flag": 2,
        "change_message": "[]"
    }
},
{
    "model": "admin.logentry",
    "pk": 40,
    "fields": {
        "action_time": "2024-08-03T10:55:08.817Z",
        "user": 1,
        "content_type": 8,
        "object_id": "1",
        "object_repr": "Calculus 01 | Module List Preliminary",
        "action_flag": 1,
        "change_message": "[{\"added\": {}}]"
    }
},
{
    "model": "admin.logentry",
    "pk": 41,
    "fields": {
        "action_time": "2024-08-03T10:55:16.689Z",
        "user": 1,
        "content_type": 8,
        "object_id": "2",
        "object_repr": "Calculus 01 | Module List Midterm",
        "action_flag": 1,
        "change_message": "[{\"added\": {}}]"
    }
},
{
    "model": "admin.logentry",
    "pk": 42,
    "fields": {
        "action_time": "2024-08-03T10:55:29.530Z",
        "user": 1,
        "content_type": 8,
        "object_id": "3",
        "object_repr": "Calculus 01 | Module List Finals",
        "action_flag": 1,
        "change_message": "[{\"added\": {}}]"
    }
},
{
    "model": "admin.logentry",
    "pk": 43,
    "fields": {
        "action_time": "2024-08-03T10:55:40.254Z",
        "user": 1,
        "content_type": 8,
        "object_id": "4",
        "object_repr": "Calculus 02 | Module List Preliminary",
        "action_flag": 1,
        "change_message": "[{\"added\": {}}]"
    }
},
{
    "model": "admin.logentry",
    "pk": 44,
    "fields": {
        "action_time": "2024-08-03T10:55:49.267Z",
        "user": 1,
        "content_type": 8,
        "object_id": "5",
        "object_repr": "Calculus 02 | Module List Midterm",
        "action_flag": 1,
        "change_message": "[{\"added\": {}}]"
    }
},
{
    "model": "admin.logentry",
    "pk": 45,
    "fields": {
        "action_time": "2024-08-03T10:55:57.988Z",
        "user": 1,
        "content_type": 8,
        "object_id": "6",
        "object_repr": "Calculus 02 | Module List Finals",
        "action_flag": 1,
        "change_message": "[{\"added\": {}}]"
    }
},
{
    "model": "admin.logentry",
    "pk": 46,
    "fields": {
        "action_time": "2024-08-03T10:56:41.343Z",
        "user": 1,
        "content_type": 9,
        "object_id": "1",
        "object_repr": "Preliminary | Module Lesson 01 - Algrebra",
        "action_flag": 1,
        "change_message": "[{\"added\": {}}]"
    }
},
{
    "model": "admin.logentry",
    "pk": 47,
    "fields": {
        "action_time": "2024-08-03T10:56:59.135Z",
        "user": 1,
        "content_type": 9,
        "object_id": "2",
        "object_repr": "Midterm | Module Lesson 02 - Derivatives",
        "action_flag": 1,
        "change_message": "[{\"added\": {}}]"
    }
},
{
    "model": "admin.logentry",
    "pk": 48,
    "fields": {
        "action_time": "2024-08-03T10:57:51.082Z",
        "user": 1,
        "content_type": 9,
        "object_id": "3",
        "object_repr": "Finals | Module Lesson 03 - Application of Derivatives",
        "action_flag": 1,
        "change_message": "[{\"added\": {}}]"
    }
},
{
    "model": "admin.logentry",
    "pk": 49,
    "fields": {
        "action_time": "2024-08-03T10:58:09.731Z",
        "user": 1,
        "content_type": 9,
        "object_id": "4",
        "object_repr": "Preliminary | Module Lesson 01 - Basics of Integral",
        "action_flag": 1,
        "change_message": "[{\"added\": {}}]"
    }
},
{
    "model": "admin.logentry",
    "pk": 50,
    "fields": {
        "action_time": "2024-08-03T10:58:53.620Z",
        "user": 1,
        "content_type": 9,
        "object_id": "5",
        "object_repr": "Midterm | Module Lesson 02 - Integral of Trigonometric and Inverse Trigonometric Functions",
        "action_flag": 1,
        "change_message": "[{\"added\": {}}]"
    }
},
{
    "model": "admin.logentry",
    "pk": 51,
    "fields": {
        "action_time": "2024-08-03T10:59:28.951Z",
        "user": 1,
        "content_type": 9,
        "object_id": "6",
        "object_repr": "Finals | Module Lesson 03 - Volume of Spehircal Shapes (Application of Integral)",
        "action_flag": 1,
        "change_message": "[{\"added\": {}}]"
    }
},
{
    "model": "auth.permission",
    "pk": 1,
    "fields": {
        "name": "Can add log entry",
        "content_type": 1,
        "codename": "add_logentry"
    }
},
{
    "model": "auth.permission",
    "pk": 2,
    "fields": {
        "name": "Can change log entry",
        "content_type": 1,
        "codename": "change_logentry"
    }
},
{
    "model": "auth.permission",
    "pk": 3,
    "fields": {
        "name": "Can delete log entry",
        "content_type": 1,
        "codename": "delete_logentry"
    }
},
{
    "model": "auth.permission",
    "pk": 4,
    "fields": {
        "name": "Can view log entry",
        "content_type": 1,
        "codename": "view_logentry"
    }
},
{
    "model": "auth.permission",
    "pk": 5,
    "fields": {
        "name": "Can add permission",
        "content_type": 2,
        "codename": "add_permission"
    }
},
{
    "model": "auth.permission",
    "pk": 6,
    "fields": {
        "name": "Can change permission",
        "content_type": 2,
        "codename": "change_permission"
    }
},
{
    "model": "auth.permission",
    "pk": 7,
    "fields": {
        "name": "Can delete permission",
        "content_type": 2,
        "codename": "delete_permission"
    }
},
{
    "model": "auth.permission",
    "pk": 8,
    "fields": {
        "name": "Can view permission",
        "content_type": 2,
        "codename": "view_permission"
    }
},
{
    "model": "auth.permission",
    "pk": 9,
    "fields": {
        "name": "Can add group",
        "content_type": 3,
        "codename": "add_group"
    }
},
{
    "model": "auth.permission",
    "pk": 10,
    "fields": {
        "name": "Can change group",
        "content_type": 3,
        "codename": "change_group"
    }
},
{
    "model": "auth.permission",
    "pk": 11,
    "fields": {
        "name": "Can delete group",
        "content_type": 3,
        "codename": "delete_group"
    }
},
{
    "model": "auth.permission",
    "pk": 12,
    "fields": {
        "name": "Can view group",
        "content_type": 3,
        "codename": "view_group"
    }
},
{
    "model": "auth.permission",
    "pk": 13,
    "fields": {
        "name": "Can add user",
        "content_type": 4,
        "codename": "add_user"
    }
},
{
    "model": "auth.permission",
    "pk": 14,
    "fields": {
        "name": "Can change user",
        "content_type": 4,
        "codename": "change_user"
    }
},
{
    "model": "auth.permission",
    "pk": 15,
    "fields": {
        "name": "Can delete user",
        "content_type": 4,
        "codename": "delete_user"
    }
},
{
    "model": "auth.permission",
    "pk": 16,
    "fields": {
        "name": "Can view user",
        "content_type": 4,
        "codename": "view_user"
    }
},
{
    "model": "auth.permission",
    "pk": 17,
    "fields": {
        "name": "Can add content type",
        "content_type": 5,
        "codename": "add_contenttype"
    }
},
{
    "model": "auth.permission",
    "pk": 18,
    "fields": {
        "name": "Can change content type",
        "content_type": 5,
        "codename": "change_contenttype"
    }
},
{
    "model": "auth.permission",
    "pk": 19,
    "fields": {
        "name": "Can delete content type",
        "content_type": 5,
        "codename": "delete_contenttype"
    }
},
{
    "model": "auth.permission",
    "pk": 20,
    "fields": {
        "name": "Can view content type",
        "content_type": 5,
        "codename": "view_contenttype"
    }
},
{
    "model": "auth.permission",
    "pk": 21,
    "fields": {
        "name": "Can add session",
        "content_type": 6,
        "codename": "add_session"
    }
},
{
    "model": "auth.permission",
    "pk": 22,
    "fields": {
        "name": "Can change session",
        "content_type": 6,
        "codename": "change_session"
    }
},
{
    "model": "auth.permission",
    "pk": 23,
    "fields": {
        "name": "Can delete session",
        "content_type": 6,
        "codename": "delete_session"
    }
},
{
    "model": "auth.permission",
    "pk": 24,
    "fields": {
        "name": "Can view session",
        "content_type": 6,
        "codename": "view_session"
    }
},
{
    "model": "auth.permission",
    "pk": 25,
    "fields": {
        "name": "Can add course",
        "content_type": 7,
        "codename": "add_course"
    }
},
{
    "model": "auth.permission",
    "pk": 26,
    "fields": {
        "name": "Can change course",
        "content_type": 7,
        "codename": "change_course"
    }
},
{
    "model": "auth.permission",
    "pk": 27,
    "fields": {
        "name": "Can delete course",
        "content_type": 7,
        "codename": "delete_course"
    }
},
{
    "model": "auth.permission",
    "pk": 28,
    "fields": {
        "name": "Can view course",
        "content_type": 7,
        "codename": "view_course"
    }
},
{
    "model": "auth.permission",
    "pk": 29,
    "fields": {
        "name": "Can add module list",
        "content_type": 8,
        "codename": "add_modulelist"
    }
},
{
    "model": "auth.permission",
    "pk": 30,
    "fields": {
        "name": "Can change module list",
        "content_type": 8,
        "codename": "change_modulelist"
    }
},
{
    "model": "auth.permission",
    "pk": 31,
    "fields": {
        "name": "Can delete module list",
        "content_type": 8,
        "codename": "delete_modulelist"
    }
},
{
    "model": "auth.permission",
    "pk": 32,
    "fields": {
        "name": "Can view module list",
        "content_type": 8,
        "codename": "view_modulelist"
    }
},
{
    "model": "auth.permission",
    "pk": 33,
    "fields": {
        "name": "Can add module item",
        "content_type": 9,
        "codename": "add_moduleitem"
    }
},
{
    "model": "auth.permission",
    "pk": 34,
    "fields": {
        "name": "Can change module item",
        "content_type": 9,
        "codename": "change_moduleitem"
    }
},
{
    "model": "auth.permission",
    "pk": 35,
    "fields": {
        "name": "Can delete module item",
        "content_type": 9,
        "codename": "delete_moduleitem"
    }
},
{
    "model": "auth.permission",
    "pk": 36,
    "fields": {
        "name": "Can view module item",
        "content_type": 9,
        "codename": "view_moduleitem"
    }
},
{
    "model": "auth.permission",
    "pk": 37,
    "fields": {
        "name": "Can add professor",
        "content_type": 10,
        "codename": "add_professor"
    }
},
{
    "model": "auth.permission",
    "pk": 38,
    "fields": {
        "name": "Can change professor",
        "content_type": 10,
        "codename": "change_professor"
    }
},
{
    "model": "auth.permission",
    "pk": 39,
    "fields": {
        "name": "Can delete professor",
        "content_type": 10,
        "codename": "delete_professor"
    }
},
{
    "model": "auth.permission",
    "pk": 40,
    "fields": {
        "name": "Can view professor",
        "content_type": 10,
        "codename": "view_professor"
    }
},
{
    "model": "auth.permission",
    "pk": 41,
    "fields": {
        "name": "Can add student",
        "content_type": 11,
        "codename": "add_student"
    }
},
{
    "model": "auth.permission",
    "pk": 42,
    "fields": {
        "name": "Can change student",
        "content_type": 11,
        "codename": "change_student"
    }
},
{
    "model": "auth.permission",
    "pk": 43,
    "fields": {
        "name": "Can delete student",
        "content_type": 11,
        "codename": "delete_student"
    }
},
{
    "model": "auth.permission",
    "pk": 44,
    "fields": {
        "name": "Can view student",
        "content_type": 11,
        "codename": "view_student"
    }
},
{
    "model": "auth.permission",
    "pk": 45,
    "fields": {
        "name": "Can add enrollment",
        "content_type": 12,
        "codename": "add_enrollment"
    }
},
{
    "model": "auth.permission",
    "pk": 46,
    "fields": {
        "name": "Can change enrollment",
        "content_type": 12,
        "codename": "change_enrollment"
    }
},
{
    "model": "auth.permission",
    "pk": 47,
    "fields": {
        "name": "Can delete enrollment",
        "content_type": 12,
        "codename": "delete_enrollment"
    }
},
{
    "model": "auth.permission",
    "pk": 48,
    "fields": {
        "name": "Can view enrollment",
        "content_type": 12,
        "codename": "view_enrollment"
    }
},
{
    "model": "auth.permission",
    "pk": 49,
    "fields": {
        "name": "Can add block",
        "content_type": 13,
        "codename": "add_block"
    }
},
{
    "model": "auth.permission",
    "pk": 50,
    "fields": {
        "name": "Can change block",
        "content_type": 13,
        "codename": "change_block"
    }
},
{
    "model": "auth.permission",
    "pk": 51,
    "fields": {
        "name": "Can delete block",
        "content_type": 13,
        "codename": "delete_block"
    }
},
{
    "model": "auth.permission",
    "pk": 52,
    "fields": {
        "name": "Can view block",
        "content_type": 13,
        "codename": "view_block"
    }
},
{
    "model": "auth.permission",
    "pk": 53,
    "fields": {
        "name": "Can add department",
        "content_type": 14,
        "codename": "add_department"
    }
},
{
    "model": "auth.permission",
    "pk": 54,
    "fields": {
        "name": "Can change department",
        "content_type": 14,
        "codename": "change_department"
    }
},
{
    "model": "auth.permission",
    "pk": 55,
    "fields": {
        "name": "Can delete department",
        "content_type": 14,
        "codename": "delete_department"
    }
},
{
    "model": "auth.permission",
    "pk": 56,
    "fields": {
        "name": "Can view department",
        "content_type": 14,
        "codename": "view_department"
    }
},
{
    "model": "auth.permission",
    "pk": 57,
    "fields": {
        "name": "Can add semester",
        "content_type": 15,
        "codename": "add_semester"
    }
},
{
    "model": "auth.permission",
    "pk": 58,
    "fields": {
        "name": "Can change semester",
        "content_type": 15,
        "codename": "change_semester"
    }
},
{
    "model": "auth.permission",
    "pk": 59,
    "fields": {
        "name": "Can delete semester",
        "content_type": 15,
        "codename": "delete_semester"
    }
},
{
    "model": "auth.permission",
    "pk": 60,
    "fields": {
        "name": "Can view semester",
        "content_type": 15,
        "codename": "view_semester"
    }
},
{
    "model": "auth.permission",
    "pk": 61,
    "fields": {
        "name": "Can add profile",
        "content_type": 16,
        "codename": "add_profile"
    }
},
{
    "model": "auth.permission",
    "pk": 62,
    "fields": {
        "name": "Can change profile",
        "content_type": 16,
        "codename": "change_profile"
    }
},
{
    "model": "auth.permission",
    "pk": 63,
    "fields": {
        "name": "Can delete profile",
        "content_type": 16,
        "codename": "delete_profile"
    }
},
{
    "model": "auth.permission",
    "pk": 64,
    "fields": {
        "name": "Can view profile",
        "content_type": 16,
        "codename": "view_profile"
    }
},
{
    "model": "auth.permission",
    "pk": 65,
    "fields": {
        "name": "Can add announcement",
        "content_type": 17,
        "codename": "add_announcement"
    }
},
{
    "model": "auth.permission",
    "pk": 66,
    "fields": {
        "name": "Can change announcement",
        "content_type": 17,
        "codename": "change_announcement"
    }
},
{
    "model": "auth.permission",
    "pk": 67,
    "fields": {
        "name": "Can delete announcement",
        "content_type": 17,
        "codename": "delete_announcement"
    }
},
{
    "model": "auth.permission",
    "pk": 68,
    "fields": {
        "name": "Can view announcement",
        "content_type": 17,
        "codename": "view_announcement"
    }
},
{
    "model": "auth.permission",
    "pk": 69,
    "fields": {
        "name": "Can add inbox",
        "content_type": 18,
        "codename": "add_inbox"
    }
},
{
    "model": "auth.permission",
    "pk": 70,
    "fields": {
        "name": "Can change inbox",
        "content_type": 18,
        "codename": "change_inbox"
    }
},
{
    "model": "auth.permission",
    "pk": 71,
    "fields": {
        "name": "Can delete inbox",
        "content_type": 18,
        "codename": "delete_inbox"
    }
},
{
    "model": "auth.permission",
    "pk": 72,
    "fields": {
        "name": "Can view inbox",
        "content_type": 18,
        "codename": "view_inbox"
    }
},
{
    "model": "auth.permission",
    "pk": 73,
    "fields": {
        "name": "Can add todo",
        "content_type": 19,
        "codename": "add_todo"
    }
},
{
    "model": "auth.permission",
    "pk": 74,
    "fields": {
        "name": "Can change todo",
        "content_type": 19,
        "codename": "change_todo"
    }
},
{
    "model": "auth.permission",
    "pk": 75,
    "fields": {
        "name": "Can delete todo",
        "content_type": 19,
        "codename": "delete_todo"
    }
},
{
    "model": "auth.permission",
    "pk": 76,
    "fields": {
        "name": "Can view todo",
        "content_type": 19,
        "codename": "view_todo"
    }
},
{
    "model": "auth.permission",
    "pk": 77,
    "fields": {
        "name": "Can add event",
        "content_type": 20,
        "codename": "add_event"
    }
},
{
    "model": "auth.permission",
    "pk": 78,
    "fields": {
        "name": "Can change event",
        "content_type": 20,
        "codename": "change_event"
    }
},
{
    "model": "auth.permission",
    "pk": 79,
    "fields": {
        "name": "Can delete event",
        "content_type": 20,
        "codename": "delete_event"
    }
},
{
    "model": "auth.permission",
    "pk": 80,
    "fields": {
        "name": "Can view event",
        "content_type": 20,
        "codename": "view_event"
    }
},
{
    "model": "auth.user",
    "pk": 1,
    "fields": {
        "password": "pbkdf2_sha256$720000$Uyc4CvBAXBlT0cOhlAyye9$GdxSNieEw3tkuWZ1FY1X0WpDv8/YkYmajKuldhuyKw4=",
        "last_login": "2024-08-03T10:54:46.823Z",
        "is_superuser": true,
        "username": "admin",
        "first_name": "",
        "last_name": "",
        "email": "",
        "is_staff": true,
        "is_active": true,
        "date_joined": "2024-08-03T03:48:59.033Z",
        "groups": [],
        "user_permissions": []
    }
},
{
    "model": "auth.user",
    "pk": 2,
    "fields": {
        "password": "pbkdf2_sha256$720000$GdPQRTtsBescskSYdEh6qU$SXfaO8pxNWnHUgicnJ9uALthZntdu3x64KeG1vjh9r0=",
        "last_login": "2024-08-04T05:19:28.849Z",
        "is_superuser": false,
        "username": "student01",
        "first_name": "",
        "last_name": "",
        "email": "",
        "is_staff": false,
        "is_active": true,
        "date_joined": "2024-08-03T03:50:26.889Z",
        "groups": [],
        "user_permissions": []
    }
},
{
    "model": "auth.user",
    "pk": 3,
    "fields": {
        "password": "pbkdf2_sha256$720000$SzoUcvKk9KUuNNL7KJjPtu$7/qiCL+GbflonSIOeorZ3CUN63jhJ1lBguJ/q0qRuPw=",
        "last_login": "2024-08-04T23:24:01.043Z",
        "is_superuser": false,
        "username": "student02",
        "first_name": "",
        "last_name": "",
        "email": "",
        "is_staff": false,
        "is_active": true,
        "date_joined": "2024-08-03T03:50:46.507Z",
        "groups": [],
        "user_permissions": []
    }
},
{
    "model": "auth.user",
    "pk": 4,
    "fields": {
        "password": "pbkdf2_sha256$720000$lWHO0uLwKRbsMJb1Ovl4aj$EJdUVezDo9ZFt6GfDGK/HsQ4WA/TqCKkDQkwk8VGOHM=",
        "last_login": "2024-08-05T01:02:52.546Z",
        "is_superuser": false,
        "username": "professor01",
        "first_name": "",
        "last_name": "",
        "email": "",
        "is_staff": false,
        "is_active": true,
        "date_joined": "2024-08-03T03:53:28Z",
        "groups": [],
        "user_permissions": []
    }
},
{
    "model": "auth.user",
    "pk": 5,
    "fields": {
        "password": "pbkdf2_sha256$720000$HPZt4smTseDhXvk27kpgoc$bpIStAbCrE1CGa9a6/7sDTnFpT5WbFxQq1U3m/MQnXc=",
        "last_login": "2024-08-04T05:02:03.892Z",
        "is_superuser": false,
        "username": "professor02",
        "first_name": "",
        "last_name": "",
        "email": "",
        "is_staff": false,
        "is_active": true,
        "date_joined": "2024-08-03T03:53:45.937Z",
        "groups": [],
        "user_permissions": []
    }
},
{
    "model": "contenttypes.contenttype",
    "pk": 1,
    "fields": {
        "app_label": "admin",
        "model": "logentry"
    }
},
{
    "model": "contenttypes.contenttype",
    "pk": 2,
    "fields": {
        "app_label": "auth",
        "model": "permission"
    }
},
{
    "model": "contenttypes.contenttype",
    "pk": 3,
    "fields": {
        "app_label": "auth",
        "model": "group"
    }
},
{
    "model": "contenttypes.contenttype",
    "pk": 4,
    "fields": {
        "app_label": "auth",
        "model": "user"
    }
},
{
    "model": "contenttypes.contenttype",
    "pk": 5,
    "fields": {
        "app_label": "contenttypes",
        "model": "contenttype"
    }
},
{
    "model": "contenttypes.contenttype",
    "pk": 6,
    "fields": {
        "app_label": "sessions",
        "model": "session"
    }
},
{
    "model": "contenttypes.contenttype",
    "pk": 7,
    "fields": {
        "app_label": "dashboard",
        "model": "course"
    }
},
{
    "model": "contenttypes.contenttype",
    "pk": 8,
    "fields": {
        "app_label": "dashboard",
        "model": "modulelist"
    }
},
{
    "model": "contenttypes.contenttype",
    "pk": 9,
    "fields": {
        "app_label": "dashboard",
        "model": "moduleitem"
    }
},
{
    "model": "contenttypes.contenttype",
    "pk": 10,
    "fields": {
        "app_label": "dashboard",
        "model": "professor"
    }
},
{
    "model": "contenttypes.contenttype",
    "pk": 11,
    "fields": {
        "app_label": "dashboard",
        "model": "student"
    }
},
{
    "model": "contenttypes.contenttype",
    "pk": 12,
    "fields": {
        "app_label": "dashboard",
        "model": "enrollment"
    }
},
{
    "model": "contenttypes.contenttype",
    "pk": 13,
    "fields": {
        "app_label": "main",
        "model": "block"
    }
},
{
    "model": "contenttypes.contenttype",
    "pk": 14,
    "fields": {
        "app_label": "main",
        "model": "department"
    }
},
{
    "model": "contenttypes.contenttype",
    "pk": 15,
    "fields": {
        "app_label": "main",
        "model": "semester"
    }
},
{
    "model": "contenttypes.contenttype",
    "pk": 16,
    "fields": {
        "app_label": "main",
        "model": "profile"
    }
},
{
    "model": "contenttypes.contenttype",
    "pk": 17,
    "fields": {
        "app_label": "announcement",
        "model": "announcement"
    }
},
{
    "model": "contenttypes.contenttype",
    "pk": 18,
    "fields": {
        "app_label": "inbox",
        "model": "inbox"
    }
},
{
    "model": "contenttypes.contenttype",
    "pk": 19,
    "fields": {
        "app_label": "todo",
        "model": "todo"
    }
},
{
    "model": "contenttypes.contenttype",
    "pk": 20,
    "fields": {
        "app_label": "event",
        "model": "event"
    }
},
{
    "model": "dashboard.student",
    "pk": 1,
    "fields": {
        "user": 2,
        "block": 1,
        "department": 6,
        "major": "Bachelor of Science Major in Computer Engineering",
        "year": 2,
        "academic_status": "Active",
        "is_graduated": false,
        "created_at": "2024-08-03T04:02:30.274Z",
        "updated_at": "2024-08-03T04:02:30.274Z"
    }
},
{
    "model": "dashboard.student",
    "pk": 2,
    "fields": {
        "user": 3,
        "block": 1,
        "department": 6,
        "major": "Bachelor of Science Major in Computer Engineering",
        "year": 2,
        "academic_status": "Active",
        "is_graduated": false,
        "created_at": "2024-08-03T04:02:49.527Z",
        "updated_at": "2024-08-03T04:02:49.527Z"
    }
},
{
    "model": "dashboard.professor",
    "pk": 1,
    "fields": {
        "user": 4,
        "department": 6,
        "hire_date": "2014-07-02T00:00:00Z",
        "academic_rank": "Professor",
        "created_at": "2024-08-03T04:01:38.265Z",
        "updated_at": "2024-08-03T04:01:38.265Z"
    }
},
{
    "model": "dashboard.professor",
    "pk": 2,
    "fields": {
        "user": 5,
        "department": 6,
        "hire_date": "2014-07-02T00:00:00Z",
        "academic_rank": "Professor",
        "created_at": "2024-08-03T04:01:52.510Z",
        "updated_at": "2024-08-03T04:01:52.510Z"
    }
},
{
    "model": "dashboard.course",
    "pk": 1,
    "fields": {
        "professor": 1,
        "block": 1,
        "department": 6,
        "semester": 1,
        "title": "Calculus 01",
        "code": "4711",
        "codename": "CALC01",
        "about": "This is about course, populate it later",
        "syllabus": "This is syllabus course, populate it later",
        "unit": 5,
        "start_time": "06:29:30",
        "end_time": "06:29:29",
        "days": "D",
        "room": "undecided",
        "created_at": "2024-08-03T04:20:27.641Z",
        "updated_at": "2024-08-03T06:37:07.231Z"
    }
},
{
    "model": "dashboard.course",
    "pk": 2,
    "fields": {
        "professor": 1,
        "block": 1,
        "department": 6,
        "semester": 1,
        "title": "Physics 01",
        "code": "4712",
        "codename": "PHYSICS01",
        "about": "This is about course, populate it later",
        "syllabus": "This is syllabus course, populate it later",
        "unit": 5,
        "start_time": "06:29:30.016",
        "end_time": "06:29:29.958",
        "days": "D",
        "room": "undecided",
        "created_at": "2024-08-03T04:22:15.926Z",
        "updated_at": "2024-08-03T04:22:15.926Z"
    }
},
{
    "model": "dashboard.course",
    "pk": 3,
    "fields": {
        "professor": 2,
        "block": 1,
        "department": 6,
        "semester": 1,
        "title": "Calculus 02",
        "code": "4713",
        "codename": "CALC02",
        "about": "This is about course, populate it later",
        "syllabus": "This is syllabus course, populate it later",
        "unit": 5,
        "start_time": "06:29:30.016",
        "end_time": "06:29:29.958",
        "days": "D",
        "room": "undecided",
        "created_at": "2024-08-03T04:22:40.725Z",
        "updated_at": "2024-08-03T04:22:40.725Z"
    }
},
{
    "model": "dashboard.course",
    "pk": 4,
    "fields": {
        "professor": 2,
        "block": 1,
        "department": 6,
        "semester": 1,
        "title": "Physics 02",
        "code": "4714",
        "codename": "PHYSICS02",
        "about": "This is about course, populate it later",
        "syllabus": "This is syllabus course, populate it later",
        "unit": 5,
        "start_time": "06:29:30.016",
        "end_time": "06:29:29.958",
        "days": "D",
        "room": "undecided",
        "created_at": "2024-08-03T04:23:17.260Z",
        "updated_at": "2024-08-03T04:23:17.260Z"
    }
},
{
    "model": "dashboard.enrollment",
    "pk": 1,
    "fields": {
        "student": 1,
        "course": 1,
        "semester": 1,
        "enrollment_date": "2023-06-24T00:00:00Z",
        "completion_date": "2023-11-14T00:00:00Z",
        "status": "Enrolled",
        "created_at": "2024-08-03T04:25:56.481Z",
        "updated_at": "2024-08-03T04:25:56.481Z"
    }
},
{
    "model": "dashboard.enrollment",
    "pk": 2,
    "fields": {
        "student": 1,
        "course": 2,
        "semester": 1,
        "enrollment_date": "2023-06-24T00:00:00Z",
        "completion_date": "2023-11-14T00:00:00Z",
        "status": "Enrolled",
        "created_at": "2024-08-03T04:26:21.112Z",
        "updated_at": "2024-08-03T04:26:21.112Z"
    }
},
{
    "model": "dashboard.enrollment",
    "pk": 3,
    "fields": {
        "student": 2,
        "course": 3,
        "semester": 1,
        "enrollment_date": "2023-06-24T00:00:00Z",
        "completion_date": "2023-11-14T00:00:00Z",
        "status": "Enrolled",
        "created_at": "2024-08-03T04:27:10.699Z",
        "updated_at": "2024-08-03T04:27:10.699Z"
    }
},
{
    "model": "dashboard.enrollment",
    "pk": 4,
    "fields": {
        "student": 2,
        "course": 4,
        "semester": 1,
        "enrollment_date": "2023-06-24T00:00:00Z",
        "completion_date": "2023-11-14T00:00:00Z",
        "status": "Enrolled",
        "created_at": "2024-08-03T04:27:32.282Z",
        "updated_at": "2024-08-03T04:27:32.282Z"
    }
},
{
    "model": "dashboard.modulelist",
    "pk": 1,
    "fields": {
        "course": 1,
        "title": "Preliminary",
        "created_at": "2024-08-03T10:55:08.816Z",
        "updated_at": "2024-08-03T10:55:08.816Z"
    }
},
{
    "model": "dashboard.modulelist",
    "pk": 2,
    "fields": {
        "course": 1,
        "title": "Midterm",
        "created_at": "2024-08-03T10:55:16.687Z",
        "updated_at": "2024-08-03T10:55:16.687Z"
    }
},
{
    "model": "dashboard.modulelist",
    "pk": 3,
    "fields": {
        "course": 1,
        "title": "Finals",
        "created_at": "2024-08-03T10:55:29.522Z",
        "updated_at": "2024-08-03T10:55:29.522Z"
    }
},
{
    "model": "dashboard.modulelist",
    "pk": 4,
    "fields": {
        "course": 3,
        "title": "Preliminary",
        "created_at": "2024-08-03T10:55:40.249Z",
        "updated_at": "2024-08-03T10:55:40.249Z"
    }
},
{
    "model": "dashboard.modulelist",
    "pk": 5,
    "fields": {
        "course": 3,
        "title": "Midterm",
        "created_at": "2024-08-03T10:55:49.265Z",
        "updated_at": "2024-08-03T10:55:49.265Z"
    }
},
{
    "model": "dashboard.modulelist",
    "pk": 6,
    "fields": {
        "course": 3,
        "title": "Finals",
        "created_at": "2024-08-03T10:55:57.986Z",
        "updated_at": "2024-08-03T10:55:57.986Z"
    }
},
{
    "model": "dashboard.moduleitem",
    "pk": 1,
    "fields": {
        "module_list": 1,
        "title": "Lesson 01 - Algrebra",
        "short_description": "Learn the {your explanation about the course}!",
        "description": "Put your description here about the module, and even content",
        "content_url": "none",
        "is_published": false,
        "created_at": "2024-08-03T10:56:41.338Z",
        "updated_at": "2024-08-03T10:56:41.338Z"
    }
},
{
    "model": "dashboard.moduleitem",
    "pk": 2,
    "fields": {
        "module_list": 2,
        "title": "Lesson 02 - Derivatives",
        "short_description": "Learn the {your explanation about the course}!",
        "description": "Put your description here about the module, and even content",
        "content_url": "none",
        "is_published": false,
        "created_at": "2024-08-03T10:56:59.133Z",
        "updated_at": "2024-08-03T10:56:59.133Z"
    }
},
{
    "model": "dashboard.moduleitem",
    "pk": 3,
    "fields": {
        "module_list": 3,
        "title": "Lesson 03 - Application of Derivatives",
        "short_description": "Learn the {your explanation about the course}!",
        "description": "Put your description here about the module, and even content",
        "content_url": "none",
        "is_published": false,
        "created_at": "2024-08-03T10:57:51.081Z",
        "updated_at": "2024-08-03T10:57:51.081Z"
    }
},
{
    "model": "dashboard.moduleitem",
    "pk": 4,
    "fields": {
        "module_list": 4,
        "title": "Lesson 01 - Basics of Integral",
        "short_description": "Learn the {your explanation about the course}!",
        "description": "Put your description here about the module, and even content",
        "content_url": "none",
        "is_published": false,
        "created_at": "2024-08-03T10:58:09.730Z",
        "updated_at": "2024-08-03T10:58:09.730Z"
    }
},
{
    "model": "dashboard.moduleitem",
    "pk": 5,
    "fields": {
        "module_list": 5,
        "title": "Lesson 02 - Integral of Trigonometric and Inverse Trigonometric Functions",
        "short_description": "Learn the {your explanation about the course}!",
        "description": "Put your description here about the module, and even content",
        "content_url": "none",
        "is_published": false,
        "created_at": "2024-08-03T10:58:53.619Z",
        "updated_at": "2024-08-03T10:58:53.619Z"
    }
},
{
    "model": "dashboard.moduleitem",
    "pk": 6,
    "fields": {
        "module_list": 6,
        "title": "Lesson 03 - Volume of Spehircal Shapes (Application of Integral)",
        "short_description": "Learn the {your explanation about the course}!",
        "description": "Put your description here about the module, and even content",
        "content_url": "none",
        "is_published": false,
        "created_at": "2024-08-03T10:59:28.948Z",
        "updated_at": "2024-08-03T10:59:28.949Z"
    }
},
{
    "model": "main.profile",
    "pk": 1,
    "fields": {
        "user": 4,
        "first_name": "Katherine",
        "middle_name": "Samson",
        "last_name": "Frigillana",
        "email": "kfrigillana@hau.edu.ph",
        "date_of_birth": "1992-11-07",
        "gender": "F",
        "contact_number": "09123456789",
        "bio": "Test Bio",
        "img_url": "",
        "zip_code": "2022",
        "city": "Angeles",
        "province": "Pampanga",
        "country": "Philippines",
        "is_student": false,
        "is_professor": true,
        "created_at": "2024-08-03T03:57:43.113Z",
        "updated_at": "2024-08-03T03:57:43.113Z"
    }
},
{
    "model": "main.profile",
    "pk": 2,
    "fields": {
        "user": 5,
        "first_name": "Schubert",
        "middle_name": "Samson",
        "last_name": "Frigillana",
        "email": "scfrigillana@hau.edu.ph",
        "date_of_birth": "1992-11-07",
        "gender": "M",
        "contact_number": "09123456789",
        "bio": "Test Bio",
        "img_url": "",
        "zip_code": "2022",
        "city": "Angeles",
        "province": "Pampanga",
        "country": "Philippines",
        "is_student": false,
        "is_professor": true,
        "created_at": "2024-08-03T03:58:42.909Z",
        "updated_at": "2024-08-03T03:58:42.909Z"
    }
},
{
    "model": "main.profile",
    "pk": 3,
    "fields": {
        "user": 2,
        "first_name": "Jesimiel",
        "middle_name": "Soliman",
        "last_name": "Almedejar",
        "email": "jsalmedejar1@student.hau.edu.ph",
        "date_of_birth": "2005-10-18",
        "gender": "M",
        "contact_number": "09123456789",
        "bio": "Test Bio",
        "img_url": "",
        "zip_code": "2022",
        "city": "Angeles",
        "province": "Pampanga",
        "country": "Philippines",
        "is_student": true,
        "is_professor": false,
        "created_at": "2024-08-03T03:59:28.564Z",
        "updated_at": "2024-08-03T03:59:28.564Z"
    }
},
{
    "model": "main.profile",
    "pk": 4,
    "fields": {
        "user": 3,
        "first_name": "Resi Ella",
        "middle_name": "Regacho",
        "last_name": "Sicat",
        "email": "rrsicat@student.hau.edu.ph",
        "date_of_birth": "2004-12-31",
        "gender": "F",
        "contact_number": "09123456789",
        "bio": "Test Bio",
        "img_url": "",
        "zip_code": "2022",
        "city": "Angeles",
        "province": "2022",
        "country": "Philippines",
        "is_student": true,
        "is_professor": false,
        "created_at": "2024-08-03T04:01:05.622Z",
        "updated_at": "2024-08-03T04:01:05.622Z"
    }
},
{
    "model": "main.department",
    "pk": 1,
    "fields": {
        "name": "College of Criminal Justice Education and Forensic",
        "abbr": "CCJEF",
        "created_at": "2024-08-03T03:51:25.484Z",
        "updated_at": "2024-08-03T03:51:25.484Z"
    }
},
{
    "model": "main.department",
    "pk": 2,
    "fields": {
        "name": "School of Arts and Sciences",
        "abbr": "SAS",
        "created_at": "2024-08-03T03:51:29.708Z",
        "updated_at": "2024-08-03T03:51:29.708Z"
    }
},
{
    "model": "main.department",
    "pk": 3,
    "fields": {
        "name": "School of Business and Accountancy",
        "abbr": "SBA",
        "created_at": "2024-08-03T03:51:39.604Z",
        "updated_at": "2024-08-03T03:51:39.604Z"
    }
},
{
    "model": "main.department",
    "pk": 4,
    "fields": {
        "name": "School of Computing",
        "abbr": "SOC",
        "created_at": "2024-08-03T03:51:45.705Z",
        "updated_at": "2024-08-03T03:51:45.705Z"
    }
},
{
    "model": "main.department",
    "pk": 5,
    "fields": {
        "name": "School of Education",
        "abbr": "SED",
        "created_at": "2024-08-03T03:51:52.011Z",
        "updated_at": "2024-08-03T03:51:52.011Z"
    }
},
{
    "model": "main.department",
    "pk": 6,
    "fields": {
        "name": "School of Engineering and Architecture",
        "abbr": "SEA",
        "created_at": "2024-08-03T03:52:00.326Z",
        "updated_at": "2024-08-03T03:52:00.326Z"
    }
},
{
    "model": "main.department",
    "pk": 7,
    "fields": {
        "name": "School of Hospitality and Tourism Management",
        "abbr": "SHTM",
        "created_at": "2024-08-03T03:52:09.634Z",
        "updated_at": "2024-08-03T03:52:09.634Z"
    }
},
{
    "model": "main.department",
    "pk": 8,
    "fields": {
        "name": "School of Nursing and Allied Medical Sciences",
        "abbr": "SNMS",
        "created_at": "2024-08-03T03:52:18.549Z",
        "updated_at": "2024-08-03T03:52:18.549Z"
    }
},
{
    "model": "main.semester",
    "pk": 1,
    "fields": {
        "term": "1st",
        "start_year": 2024,
        "end_year": 2025,
        "created_at": "2024-08-03T03:52:38.583Z",
        "updated_at": "2024-08-03T03:52:38.583Z"
    }
},
{
    "model": "main.semester",
    "pk": 2,
    "fields": {
        "term": "2nd",
        "start_year": 2024,
        "end_year": 2025,
        "created_at": "2024-08-03T03:52:49.669Z",
        "updated_at": "2024-08-03T03:52:49.670Z"
    }
},
{
    "model": "main.semester",
    "pk": 3,
    "fields": {
        "term": "3rd",
        "start_year": 2024,
        "end_year": 2025,
        "created_at": "2024-08-03T03:52:59.801Z",
        "updated_at": "2024-08-03T03:52:59.801Z"
    }
},
{
    "model": "main.block",
    "pk": 1,
    "fields": {
        "name": "CPE-101",
        "created_at": "2024-08-03T03:51:00.984Z",
        "updated_at": "2024-08-03T03:51:00.984Z"
    }
},
{
    "model": "main.block",
    "pk": 2,
    "fields": {
        "name": "CPE-102",
        "created_at": "2024-08-03T03:51:09.254Z",
        "updated_at": "2024-08-03T03:51:09.254Z"
    }
}
]
